<?xml version="1.0" encoding="UTF-8"?>
<permissions>
    <privapp-permissions package="com.miui.home">
        <permission name="android.permission.BIND_APPWIDGET"/>
        <permission name="android.permission.BIND_WALLPAPER"/>
        <permission name="android.permission.CHANGE_COMPONENT_ENABLED_STATE"/>
        <permission name="android.permission.CHANGE_CONFIGURATION"/>
        <permission name="android.permission.DELETE_PACKAGES"/>
        <permission name="android.permission.DUMP"/>
        <permission name="android.permission.INTERACT_ACROSS_USERS"/>
        <permission name="android.permission.MANAGE_USERS"/>
        <permission name="android.permission.MEDIA_CONTENT_CONTROL"/>
        <permission name="android.permission.MOUNT_UNMOUNT_FILESYSTEMS"/>
        <permission name="android.permission.PACKAGE_USAGE_STATS"/>
        <permission name="android.permission.READ_FRAME_BUFFER"/>
        <permission name="android.permission.SET_PROCESS_LIMIT"/>
        <permission name="android.permission.SET_WALLPAPER_COMPONENT"/>
        <permission name="android.permission.START_TASKS_FROM_RECENTS"/>
        <permission name="android.permission.CONTROL_REMOTE_APP_TRANSITION_ANIMATIONS"/>
        <permission name="android.permission.INTERNAL_SYSTEM_WINDOW"/>
        <permission name="android.permission.REAL_GET_TASKS"/>
        <permission name="android.permission.STATUS_BAR"/>
        <permission name="android.permission.UPDATE_APP_OPS_STATS"/>
        <permission name="android.permission.UPDATE_DEVICE_STATS"/>
        <permission name="android.permission.WRITE_SECURE_SETTINGS"/>
        <permission name="android.permission.MANAGE_ACTIVITY_STACKS"/>
	<permission name="android.permission.FORCE_STOP_PACKAGES"/>
	<permission name="android.permission.READ_PRIVILEGED_PHONE_STATE"/>
        <permission name="android.permission.ACCESS_THEME"/>
        <permission name="android.permission.BROADCAST_CLOSE_SYSTEM_DIALOGS"/>
                <permission name="android.permission.READ_MEDIA_IMAGES"/>
    </privapp-permissions>
</permissions>
